-- Dummy Data

-- 1. Users
INSERT INTO users (user_id,login_id,name,nickname,password)
VALUES
    (1,"erat.eget@outlook.ca","Carissa Chan","Indira Wagner","VDS42ZMG5IO"),
    (2,"ipsum.donec@hotmail.couk","Arthur Hodge","Zachery Kaufman","JKD51FKX1XI"),
    (3,"risus@hotmail.ca","Ethan Bright","Chastity Gilbert","TSU43OLF6VN"),
    (4,"amet.orci.ut@aol.couk","Asher Compton","Rose Frazier","GUB75LWD3GP"),
    (5,"id.enim@icloud.edu","Deacon Smith","Gage Charles","EEQ85CGI3HK"),
    (6,"neque@outlook.edu","Magee Hopper","India Richard","URR34VMV7ZV"),
    (7,"blandit.viverra@google.couk","Kai Ball","Basia Flynn","NNM77ISK5BR"),
    (8,"quam.curabitur@google.ca","Noble Grimes","Arsenio Gilbert","HWE25UNF1CH"),
    (9,"mauris.integer.sem@outlook.edu","Zahir Frost","Ferdinand Blackburn","SAN76OZF8FC"),
    (10,"nunc.sit@icloud.couk","Julie Hanson","Darius Floyd","MSF07INH1CW"),
    (11,"donec.nibh.enim@protonmail.com","Oleg Cash","Phelan Deleon","FEL67VQR5NR"),
    (12,"sem.magna@protonmail.net","Hector Jones","Moses Steele","LWG25JFN4YV"),
    (13,"natoque@outlook.ca","Tiger Simmons","Xander Hurst","WWU37FPL3RG"),
    (14,"diam@icloud.net","John Sanchez","Lee Sweet","RQS94ZDW8OQ"),
    (15,"rutrum.magna@outlook.com","Jolie Lott","Odysseus Reyes","YZC70HLK1RN"),
    (16,"tempus.non.lacinia@yahoo.edu","Byron Preston","Zephania Steele","XNP64ZAZ7SO"),
    (17,"at.fringilla.purus@protonmail.edu","Octavia Trevino","Fitzgerald Griffith","QNJ43XSC5NO"),
    (18,"risus.nulla@yahoo.com","Chaim Taylor","Ifeoma Mcconnell","MQL15GQB8OY"),
    (19,"ultrices.mauris@google.com","Emmanuel Key","Joy Dominguez","YWY19TWR7DI"),
    (20,"integer@yahoo.couk","Igor Lara","Carla Briggs","OKK85ELU6LO"),
    (21,"proin.nisl@outlook.ca","Phoebe Sharpe","Fritz Coleman","IOY57PJH3DM"),
    (22,"dolor@hotmail.couk","Aladdin Best","Macy Cook","YNL72VHT1QA"),
    (23,"ut@yahoo.org","Julie Lott","Daphne Dickerson","JCW15UUH5DW"),
    (24,"maecenas.malesuada@yahoo.org","Jesse Mcclain","Ross Riddle","OND77WMH6YS"),
    (25,"vel@outlook.com","Ian Kemp","Leslie Nielsen","DMS51QRC9IT"),
    (26,"eu.odio@outlook.edu","Finn O'brien","Britanni Bartlett","IGE23URJ2BK"),
    (27,"eleifend.nunc.risus@outlook.couk","Chancellor Tran","Luke Macdonald","DBW96DDJ5CK"),
    (28,"pede.praesent@icloud.net","Ulla Franks","Jocelyn Kirby","ONN67FXV5WL"),
    (29,"consectetuer@icloud.org","Thane Clarke","Piper Randolph","DFS23XAG9RF"),
    (30,"dictum@aol.ca","Amir Wood","Kelsey Bailey","XSM62PLR4YA"),
    (31,"nisi.nibh.lacinia@google.org","Lisandra Burks","Drew Winters","XQM71RNZ7IK"),
    (32,"aliquet.metus.urna@google.couk","Ralph Williams","Lars Holland","BKC42UTI3PO"),
    (33,"magna.a.neque@protonmail.org","Sebastian Ferrell","Jakeem Hampton","QUS66KYQ5NW"),
    (34,"dictum.mi.ac@hotmail.couk","Kelsie Cross","Ashely Foley","GXM06GQS5PI"),
    (35,"et.netus@hotmail.net","Vaughan Walton","Ora Cameron","LRC44DIY2HW"),
    (36,"et.risus@protonmail.com","Maisie Bird","Barry Michael","XJJ12UTX3OA"),
    (37,"consequat.dolor@protonmail.net","Ina Farley","Theodore Rosales","LVW55FPZ6YH"),
    (38,"vulputate@protonmail.org","Britanney Blackwell","Kenyon Dawson","DCJ12KVI6SW"),
    (39,"magna.ut@icloud.edu","Flynn Hopper","Nerea Cantrell","ANJ03WQB4PZ"),
    (40,"sed.nunc@aol.ca","Carly Maynard","Hayes Cross","NGJ70LGY3WW"),
    (41,"dictum.eleifend.nunc@hotmail.org","Felix O'donnell","Jemima Harrison","SKQ02QGJ7XV"),
    (42,"lectus@outlook.edu","Quynn Horne","Nero Vaughn","IOY11DDG2CZ"),
    (43,"ut.erat.sed@icloud.ca","Lucas Mcintyre","Chaim Justice","VKV34NZV1UC"),
    (44,"nunc.sollicitudin@outlook.ca","Erich Mclean","Ann Keller","YRC24JXW6MX"),
    (45,"donec.est.mauris@google.couk","Minerva Hewitt","Gareth Mays","ZTD88RQT8PM"),
    (46,"sed.id@outlook.net","Chancellor Keith","Alexandra Bentley","BHY81KQJ7IV"),
    (47,"et.netus@outlook.org","Deanna Christian","Erin Perkins","DID71LFK0NW"),
    (48,"magnis@aol.net","Ivana Velazquez","Rhiannon Cannon","NSY59VXH3QH"),
    (49,"lectus.sit@outlook.com","Belle Bullock","Mona Molina","ERX35CAS5HW"),
    (50, 'admin', 'admin', 'Admin', '0000');

-- 2. Posts
INSERT INTO posts (post_id,user_id,title,content,created_date,last_modified_date,created_by,last_modified_by)
VALUES
    (1,1,"adipiscing non, luctus sit amet, faucibus ut,","vestibulum. Mauris magna. Duis dignissim tempor arcu. Vestibulum ut eros non enim commodo hendrerit. Donec porttitor tellus non magna. Nam ligula elit, pretium et, rutrum","2024.03.03 18:32:14","2024.06.15 08:37:03","Hyatt Hancock","Vivian Tyler"),
    (2,2,"congue turpis. In condimentum. Donec at arcu.","suscipit, est ac facilisis facilisis, magna tellus faucibus leo, in lobortis tellus justo sit amet nulla. Donec non justo. Proin non massa non","2024.05.23 13:18:55","2024.08.24 22:23:20","Kasimir Waller","Seth Farrell"),
    (3,3,"varius orci, in consequat enim diam vel","quis turpis vitae purus gravida sagittis. Duis gravida. Praesent eu nulla at sem molestie sodales. Mauris blandit enim consequat purus. Maecenas libero est, congue a, aliquet","2023.08.26 14:38:20","2023.09.03 13:43:56","Lysandra Heath","Barrett Nicholson"),
    (4,4,"sapien. Cras dolor dolor, tempus non, lacinia","feugiat metus sit amet ante. Vivamus non lorem vitae odio sagittis semper. Nam tempor diam dictum sapien. Aenean massa. Integer vitae nibh. Donec est mauris, rhoncus","2022.11.25 02:56:10","2022.11.30 22:11:05","Dalton Norris","Xanthus Oneal"),
    (5,5,"auctor quis, tristique ac, eleifend vitae,","vitae sodales nisi magna sed dui. Fusce aliquam, enim nec tempus scelerisque, lorem ipsum sodales purus, in molestie tortor nibh sit amet orci.","2023.11.14 14:27:50","2023.01.10 07:30:54","Wyatt Salazar","Dominique Vaughn"),
    (6,6,"cursus et, eros. Proin ultrices. Duis","orci. Donec nibh. Quisque nonummy ipsum non arcu. Vivamus sit amet risus. Donec egestas. Aliquam nec enim. Nunc ut erat. Sed nunc est, mollis","2023.01.16 23:34:05","2024.09.01 23:00:59","Eugenia Nolan","Alfonso Blanchard"),
    (7,7,"dictum placerat, augue. Sed molestie. Sed id risus","Integer urna. Vivamus molestie dapibus ligula. Aliquam erat volutpat. Nulla dignissim. Maecenas ornare egestas ligula. Nullam feugiat placerat velit. Quisque varius. Nam porttitor scelerisque","2024.07.08 10:55:49","2022.10.21 02:24:35","Ariel Mcmillan","Larissa Finley"),
    (8,8,"velit eu sem. Pellentesque ut ipsum ac mi","dui nec urna suscipit nonummy. Fusce fermentum fermentum arcu. Vestibulum ante ipsum primis in faucibus orci luctus et ultrices posuere cubilia Curae Phasellus ornare. Fusce mollis. Duis sit amet","2024.03.18 12:07:25","2023.10.11 11:47:01","Aidan Howell","Sopoline Carter"),
    (9,9,"Integer vulputate, risus a ultricies adipiscing,","eu enim. Etiam imperdiet dictum magna. Ut tincidunt orci quis lectus. Nullam suscipit, est ac facilisis facilisis, magna tellus faucibus leo, in","2023.12.20 07:37:11","2023.12.23 17:48:55","Jin Wiley","Kyle Stark"),
    (10,10,"massa non ante bibendum ullamcorper.","id nunc interdum feugiat. Sed nec metus facilisis lorem tristique aliquet. Phasellus fermentum convallis ligula. Donec luctus aliquet odio. Etiam ligula tortor,","2023.12.19 13:51:47","2024.04.16 16:20:05","Hector Hudson","Arthur Everett"),
    (11,11,"at, egestas a, scelerisque sed, sapien. Nunc pulvinar arcu et","ullamcorper eu, euismod ac, fermentum vel, mauris. Integer sem elit, pharetra ut, pharetra sed, hendrerit a, arcu. Sed et libero. Proin","2023.03.18 20:23:56","2024.08.25 07:52:15","Garrett Hutchinson","Byron Ruiz"),
    (12,12,"ante, iaculis nec, eleifend non, dapibus","vehicula et, rutrum eu, ultrices sit amet, risus. Donec nibh enim, gravida sit amet, dapibus id, blandit at, nisi. Cum sociis natoque penatibus et magnis dis","2022.11.03 06:01:01","2023.04.29 23:55:04","Stuart Burgess","Keelie Sharpe"),
    (13,13,"lorem. Donec elementum, lorem ut aliquam iaculis,","dictum eu, placerat eget, venenatis a, magna. Lorem ipsum dolor sit amet, consectetuer adipiscing elit. Etiam laoreet, libero et tristique pellentesque, tellus sem mollis dui, in sodales elit erat","2023.08.19 00:46:19","2023.03.20 12:03:02","Callum Hewitt","Felix Pena"),
    (14,14,"rutrum, justo. Praesent luctus. Curabitur egestas nunc sed libero.","ante dictum mi, ac mattis velit justo nec ante. Maecenas mi felis, adipiscing fringilla, porttitor vulputate, posuere vulputate, lacus. Cras interdum. Nunc sollicitudin commodo ipsum. Suspendisse non leo.","2024.06.27 20:21:03","2024.04.19 06:44:29","Kay Sweeney","Hayes Silva"),
    (15,15,"Curabitur ut odio vel est tempor bibendum.","faucibus. Morbi vehicula. Pellentesque tincidunt tempus risus. Donec egestas. Duis ac arcu. Nunc mauris. Morbi non sapien molestie orci tincidunt adipiscing. Mauris molestie pharetra nibh. Aliquam ornare, libero at","2022.09.27 06:06:08","2024.05.08 18:45:59","Mallory Nelson","Cooper Peterson"),
    (16,16,"Nulla dignissim. Maecenas ornare egestas","diam dictum sapien. Aenean massa. Integer vitae nibh. Donec est mauris, rhoncus id, mollis nec, cursus a, enim. Suspendisse aliquet, sem","2023.07.26 19:15:21","2024.07.11 18:41:34","David Gould","Jillian Miranda"),
    (17,17,"cursus et, eros. Proin ultrices. Duis volutpat nunc","bibendum sed, est. Nunc laoreet lectus quis massa. Mauris vestibulum, neque sed dictum eleifend, nunc risus varius orci, in consequat enim diam vel arcu. Curabitur ut odio vel est","2024.01.02 08:50:31","2024.04.30 11:45:05","Donna Day","Palmer Jensen"),
    (18,18,"rutrum non, hendrerit id, ante. Nunc mauris sapien, cursus in,","ullamcorper magna. Sed eu eros. Nam consequat dolor vitae dolor. Donec fringilla. Donec feugiat metus sit amet ante. Vivamus non lorem vitae odio sagittis semper.","2023.08.05 21:33:24","2023.10.04 21:14:17","Renee Daugherty","Isaiah Schwartz"),
    (19,19,"convallis in, cursus et, eros. Proin ultrices.","Pellentesque ultricies dignissim lacus. Aliquam rutrum lorem ac risus. Morbi metus. Vivamus euismod urna. Nullam lobortis quam a felis ullamcorper viverra. Maecenas iaculis aliquet diam. Sed","2023.05.19 02:54:31","2022.12.08 05:09:55","Shelly Emerson","Martena Underwood"),
    (20,20,"tincidunt pede ac urna. Ut tincidunt","nisi sem semper erat, in consectetuer ipsum nunc id enim. Curabitur massa. Vestibulum accumsan neque et nunc. Quisque ornare tortor at risus.","2024.07.13 09:02:52","2023.04.28 03:02:48","Sydnee Cruz","Lana Gentry"),
    (21,21,"vehicula aliquet libero. Integer in magna. Phasellus dolor","sollicitudin adipiscing ligula. Aenean gravida nunc sed pede. Cum sociis natoque penatibus et magnis dis parturient montes, nascetur ridiculus mus. Proin","2024.01.10 15:40:34","2024.03.07 04:17:14","Colleen Swanson","Uriah Guerra"),
    (22,22,"risus. Nulla eget metus eu erat semper rutrum.","Sed malesuada augue ut lacus. Nulla tincidunt, neque vitae semper egestas, urna justo faucibus lectus, a sollicitudin orci sem eget massa. Suspendisse eleifend.","2024.04.07 14:09:25","2023.11.01 12:31:54","Ulla Benton","Ferdinand Chavez"),
    (23,23,"in sodales elit erat vitae risus. Duis","elit fermentum risus, at fringilla purus mauris a nunc. In at pede. Cras vulputate velit eu sem. Pellentesque ut ipsum ac mi","2024.05.10 06:28:49","2023.01.22 10:11:20","Yoshio Hatfield","Elliott Poole"),
    (24,24,"non justo. Proin non massa non","vitae erat vel pede blandit congue. In scelerisque scelerisque dui. Suspendisse ac metus vitae velit egestas lacinia. Sed congue, elit sed consequat","2022.09.28 22:45:17","2023.05.21 03:52:05","Armando Caldwell","Edward Skinner"),
    (25,25,"vel lectus. Cum sociis natoque penatibus et","auctor ullamcorper, nisl arcu iaculis enim, sit amet ornare lectus justo eu arcu. Morbi sit amet massa. Quisque porttitor eros nec tellus. Nunc lectus pede, ultrices a,","2023.08.03 00:21:15","2024.03.16 01:36:43","Dante Hammond","Tallulah Zimmerman"),
    (26,26,"felis, adipiscing fringilla, porttitor vulputate, posuere vulputate, lacus. Cras interdum.","sit amet orci. Ut sagittis lobortis mauris. Suspendisse aliquet molestie tellus. Aenean egestas hendrerit neque. In ornare sagittis felis. Donec tempor, est ac mattis semper, dui lectus rutrum urna,","2023.04.19 15:04:50","2023.12.01 00:05:42","Aspen Johnson","Ori Graves"),
    (27,27,"ac nulla. In tincidunt congue turpis. In condimentum. Donec","lorem, luctus ut, pellentesque eget, dictum placerat, augue. Sed molestie. Sed id risus quis diam luctus lobortis. Class aptent taciti sociosqu ad litora torquent per conubia","2023.07.13 03:07:28","2023.10.12 05:10:05","Merrill Perry","Alan Gaines"),
    (28,28,"rutrum urna, nec luctus felis purus ac tellus. Suspendisse","faucibus. Morbi vehicula. Pellentesque tincidunt tempus risus. Donec egestas. Duis ac arcu. Nunc mauris. Morbi non sapien molestie orci tincidunt adipiscing. Mauris molestie","2024.08.12 17:55:00","2023.12.28 12:05:34","Castor Perry","Micah Salas"),
    (29,29,"purus ac tellus. Suspendisse sed dolor.","mus. Proin vel arcu eu odio tristique pharetra. Quisque ac libero nec ligula consectetuer rhoncus. Nullam velit dui, semper et, lacinia vitae, sodales at, velit.","2023.11.23 08:33:09","2022.12.22 07:42:00","Herman Garza","Cherokee Evans"),
    (30,30,"ac orci. Ut semper pretium","Etiam gravida molestie arcu. Sed eu nibh vulputate mauris sagittis placerat. Cras dictum ultricies ligula. Nullam enim. Sed nulla ante, iaculis nec, eleifend non, dapibus","2023.10.01 13:19:32","2023.01.11 14:43:30","Ronan Grant","Roanna Mcmillan"),
    (31,31,"ligula tortor, dictum eu, placerat eget, venenatis","porta elit, a feugiat tellus lorem eu metus. In lorem. Donec elementum, lorem ut aliquam iaculis, lacus pede sagittis augue, eu tempor erat neque non quam. Pellentesque","2023.08.25 13:48:31","2024.04.21 08:05:42","Harlan Gilbert","Myles Casey"),
    (32,32,"vitae, aliquet nec, imperdiet nec, leo. Morbi neque tellus,","ac metus vitae velit egestas lacinia. Sed congue, elit sed consequat auctor, nunc nulla vulputate dui, nec tempus mauris erat eget","2023.12.23 14:10:24","2024.04.14 00:46:58","Fulton Ellis","Aphrodite Chambers"),
    (33,33,"eget massa. Suspendisse eleifend. Cras sed leo. Cras","mi pede, nonummy ut, molestie in, tempus eu, ligula. Aenean euismod mauris eu elit. Nulla facilisi. Sed neque. Sed eget lacus. Mauris non dui","2024.09.03 08:44:59","2024.07.14 15:02:36","Wade Cardenas","Kelly Fox"),
    (34,34,"orci quis lectus. Nullam suscipit, est","mi felis, adipiscing fringilla, porttitor vulputate, posuere vulputate, lacus. Cras interdum. Nunc sollicitudin commodo ipsum. Suspendisse non leo. Vivamus nibh dolor, nonummy ac,","2022.10.05 07:46:15","2024.03.17 09:12:26","Vance Barrera","Alan Hutchinson"),
    (35,35,"Suspendisse sagittis. Nullam vitae diam. Proin dolor. Nulla semper tellus","ligula elit, pretium et, rutrum non, hendrerit id, ante. Nunc mauris sapien, cursus in, hendrerit consectetuer, cursus et, magna. Praesent interdum ligula eu enim. Etiam imperdiet dictum","2022.12.09 07:30:46","2023.12.26 10:36:41","Anne Edwards","Fritz Shaffer"),
    (36,36,"mauris blandit mattis. Cras eget nisi dictum augue malesuada malesuada.","eu enim. Etiam imperdiet dictum magna. Ut tincidunt orci quis lectus. Nullam suscipit, est ac facilisis facilisis, magna tellus faucibus leo, in lobortis tellus","2024.01.21 02:45:21","2024.05.28 18:28:27","Jocelyn Howell","Silas England"),
    (37,37,"nulla. Donec non justo. Proin non","eget magna. Suspendisse tristique neque venenatis lacus. Etiam bibendum fermentum metus. Aenean sed pede nec ante blandit viverra. Donec tempus, lorem fringilla ornare","2023.09.24 22:48:09","2023.08.12 20:04:37","Aidan Jarvis","Elvis Day"),
    (38,38,"Nam ligula elit, pretium et,","amet orci. Ut sagittis lobortis mauris. Suspendisse aliquet molestie tellus. Aenean egestas hendrerit neque. In ornare sagittis felis. Donec tempor, est ac mattis semper, dui lectus rutrum urna,","2024.04.24 22:19:00","2024.04.02 17:05:38","Arsenio Fuentes","Cadman Love"),
    (39,39,"a neque. Nullam ut nisi a odio semper cursus.","sollicitudin orci sem eget massa. Suspendisse eleifend. Cras sed leo. Cras vehicula aliquet libero. Integer in magna. Phasellus dolor elit, pellentesque a, facilisis non, bibendum sed,","2024.05.07 21:22:53","2024.08.20 10:32:37","Mari Mckinney","Liberty Castro"),
    (40,40,"neque tellus, imperdiet non, vestibulum nec, euismod in,","fringilla cursus purus. Nullam scelerisque neque sed sem egestas blandit. Nam nulla magna, malesuada vel, convallis in, cursus et, eros. Proin ultrices. Duis volutpat nunc sit amet metus.","2024.04.28 04:11:07","2023.11.30 18:17:03","Fuller Taylor","Quinn Whitfield"),
    (41,41,"dolor sit amet, consectetuer adipiscing elit. Curabitur","aliquam iaculis, lacus pede sagittis augue, eu tempor erat neque non quam. Pellentesque habitant morbi tristique senectus et netus et malesuada","2024.04.18 07:39:40","2023.10.06 21:53:24","Whilemina Christensen","Dominique Graham"),
    (42,42,"augue porttitor interdum. Sed auctor odio a purus. Duis","rhoncus. Donec est. Nunc ullamcorper, velit in aliquet lobortis, nisi nibh lacinia orci, consectetuer euismod est arcu ac orci. Ut semper pretium neque. Morbi quis urna. Nunc quis arcu","2024.06.18 07:24:30","2023.10.10 03:59:37","Isaiah Nieves","Adrienne Mccarty"),
    (43,43,"adipiscing lacus. Ut nec urna et arcu imperdiet","nonummy ultricies ornare, elit elit fermentum risus, at fringilla purus mauris a nunc. In at pede. Cras vulputate velit eu sem. Pellentesque ut ipsum ac","2023.07.05 14:07:35","2023.10.18 00:06:30","Erasmus Chaney","Josephine Cook"),
    (44,44,"litora torquent per conubia nostra, per inceptos hymenaeos. Mauris","arcu. Vivamus sit amet risus. Donec egestas. Aliquam nec enim. Nunc ut erat. Sed nunc est, mollis non, cursus non, egestas a, dui. Cras pellentesque.","2023.02.15 14:46:00","2023.01.13 09:48:51","Germaine Hickman","Sebastian Parks"),
    (45,45,"ac ipsum. Phasellus vitae mauris sit","luctus felis purus ac tellus. Suspendisse sed dolor. Fusce mi lorem, vehicula et, rutrum eu, ultrices sit amet, risus. Donec nibh enim, gravida sit amet, dapibus id, blandit at, nisi.","2023.01.01 13:03:13","2024.01.20 00:29:28","Stacey Bentley","Hasad Andrews"),
    (46,46,"Cras sed leo. Cras vehicula aliquet libero. Integer","imperdiet non, vestibulum nec, euismod in, dolor. Fusce feugiat. Lorem ipsum dolor sit amet, consectetuer adipiscing elit. Aliquam auctor, velit eget laoreet posuere, enim","2024.08.31 16:34:22","2024.04.01 00:31:07","Denise Faulkner","Scarlett Lara"),
    (47,47,"ut, nulla. Cras eu tellus eu augue porttitor interdum. Sed","consectetuer ipsum nunc id enim. Curabitur massa. Vestibulum accumsan neque et nunc. Quisque ornare tortor at risus. Nunc ac sem ut dolor dapibus gravida. Aliquam","2023.02.19 03:36:41","2023.07.11 04:40:49","Maya Blair","Stewart Schroeder"),
    (48,48,"posuere, enim nisl elementum purus, accumsan interdum libero","nisi nibh lacinia orci, consectetuer euismod est arcu ac orci. Ut semper pretium neque. Morbi quis urna. Nunc quis arcu vel quam","2024.03.17 04:44:43","2023.04.01 20:30:23","Margaret Vargas","Shelley Witt"),
    (49,49,"dolor dapibus gravida. Aliquam tincidunt, nunc ac mattis","ut cursus luctus, ipsum leo elementum sem, vitae aliquam eros turpis non enim. Mauris quis turpis vitae purus gravida sagittis. Duis gravida. Praesent eu nulla at sem molestie sodales.","2024.07.27 18:13:17","2023.06.21 04:45:55","Brenden Patton","Beau Garrison"),
    (50,50,"ante. Maecenas mi felis, adipiscing","posuere at, velit. Cras lorem lorem, luctus ut, pellentesque eget, dictum placerat, augue. Sed molestie. Sed id risus quis diam luctus lobortis. Class aptent","2022.12.05 19:32:47","2024.02.11 00:01:03","Ali Michael","Harper Faulkner");

-- 3. Comments
INSERT INTO comments (comment_id,post_id,user_id,content,created_date,last_modified_date,created_by,last_modified_by)
VALUES
    (1,1,1,"Aenean eget metus. In nec orci. Donec nibh. Quisque nonummy ipsum non arcu. Vivamus sit amet risus. Donec egestas. Aliquam nec enim. Nunc ut erat. Sed nunc est, mollis non,","2024.04.10 08:30:34","2022.10.13 05:44:38","Rogan Wolf","Delilah Nichols"),
    (2,2,2,"pede nec ante blandit viverra. Donec tempus, lorem fringilla ornare placerat, orci lacus vestibulum lorem, sit amet ultricies sem magna nec quam. Curabitur vel lectus. Cum sociis natoque penatibus et","2024.07.14 22:43:02","2023.08.03 23:02:56","Zephr Aguilar","Nelle Valentine"),
    (3,3,3,"Sed nulla ante, iaculis nec, eleifend non, dapibus rutrum, justo. Praesent luctus. Curabitur egestas nunc sed libero. Proin sed turpis nec mauris blandit mattis. Cras eget nisi dictum","2022.09.15 01:26:54","2024.06.08 01:36:18","Clinton Holmes","Pandora White"),
    (4,4,4,"et ipsum cursus vestibulum. Mauris magna. Duis dignissim tempor arcu. Vestibulum ut eros non enim commodo hendrerit. Donec porttitor tellus non magna. Nam ligula elit,","2023.04.14 19:00:16","2022.10.12 21:16:21","Honorato Hudson","Davis Bird"),
    (5,5,5,"suscipit, est ac facilisis facilisis, magna tellus faucibus leo, in lobortis tellus justo sit amet nulla. Donec non justo. Proin non massa non ante bibendum ullamcorper. Duis cursus, diam","2024.03.22 11:45:00","2023.08.01 06:43:49","Kibo Morrison","Abdul Bright"),
    (6,6,6,"lorem, luctus ut, pellentesque eget, dictum placerat, augue. Sed molestie. Sed id risus quis diam luctus lobortis. Class aptent taciti","2023.03.11 21:12:45","2023.07.23 22:54:57","Nomlanga Hurley","Eleanor Johns"),
    (7,7,7,"nisl. Quisque fringilla euismod enim. Etiam gravida molestie arcu. Sed eu nibh vulputate mauris sagittis placerat. Cras dictum ultricies ligula. Nullam enim.","2024.01.05 09:03:51","2024.06.22 02:31:55","Lesley Barnes","Dawn Chambers"),
    (8,8,8,"Cras eget nisi dictum augue malesuada malesuada. Integer id magna et ipsum cursus vestibulum. Mauris magna. Duis dignissim tempor arcu. Vestibulum ut eros non enim commodo hendrerit. Donec porttitor tellus","2024.05.21 04:00:02","2022.12.24 07:27:26","Drake Johnston","Fleur Stephenson"),
    (9,9,9,"Mauris magna. Duis dignissim tempor arcu. Vestibulum ut eros non enim commodo hendrerit. Donec porttitor tellus non magna. Nam ligula elit, pretium et,","2023.11.25 15:52:17","2024.07.18 01:14:34","Eagan Collins","Logan Mckinney"),
    (10,10,10,"aliquet odio. Etiam ligula tortor, dictum eu, placerat eget, venenatis a, magna. Lorem ipsum dolor sit amet, consectetuer adipiscing elit. Etiam laoreet, libero et tristique pellentesque, tellus sem mollis","2023.10.18 12:25:18","2024.07.30 03:19:32","Brianna Burch","Sopoline Wilkins"),
    (11,11,11,"sagittis semper. Nam tempor diam dictum sapien. Aenean massa. Integer vitae nibh. Donec est mauris, rhoncus id, mollis nec, cursus a, enim. Suspendisse aliquet, sem ut cursus luctus,","2024.06.13 11:45:19","2023.02.17 09:34:05","Jared Willis","Simone Duran"),
    (12,12,12,"Nunc ullamcorper, velit in aliquet lobortis, nisi nibh lacinia orci, consectetuer euismod est arcu ac orci. Ut semper pretium neque. Morbi quis urna. Nunc","2023.03.01 09:19:12","2023.11.12 09:39:06","Veda Mullins","Lamar Lane"),
    (13,13,13,"blandit enim consequat purus. Maecenas libero est, congue a, aliquet vel, vulputate eu, odio. Phasellus at augue id ante dictum cursus. Nunc","2024.01.21 01:44:29","2023.07.21 02:11:33","Nerea Puckett","Brenna Hall"),
    (14,14,14,"sit amet, consectetuer adipiscing elit. Etiam laoreet, libero et tristique pellentesque, tellus sem mollis dui, in sodales elit erat vitae risus. Duis","2023.08.28 00:57:20","2024.02.19 00:09:48","Mohammad Byers","Colt Olson"),
    (15,15,15,"elit sed consequat auctor, nunc nulla vulputate dui, nec tempus mauris erat eget ipsum. Suspendisse sagittis. Nullam vitae diam. Proin dolor. Nulla semper tellus","2024.01.11 06:30:33","2023.03.28 12:20:19","Audrey Tillman","Lionel Barnes"),
    (16,16,16,"arcu ac orci. Ut semper pretium neque. Morbi quis urna. Nunc quis arcu vel quam dignissim pharetra. Nam ac nulla. In tincidunt congue turpis. In condimentum. Donec at arcu.","2022.11.24 15:10:02","2023.06.17 04:26:02","Portia Lambert","Cameran Parrish"),
    (17,17,17,"sit amet, dapibus id, blandit at, nisi. Cum sociis natoque penatibus et magnis dis parturient montes, nascetur ridiculus mus. Proin vel nisl. Quisque fringilla euismod","2024.05.19 02:47:01","2022.09.14 03:28:20","Rowan Joyner","Carla Prince"),
    (18,18,18,"et netus et malesuada fames ac turpis egestas. Aliquam fringilla cursus purus. Nullam scelerisque neque sed sem egestas blandit. Nam nulla magna,","2022.10.04 09:16:45","2022.12.29 05:49:21","Amal Ford","Bruce Meadows"),
    (19,19,19,"turpis non enim. Mauris quis turpis vitae purus gravida sagittis. Duis gravida. Praesent eu nulla at sem molestie sodales. Mauris blandit","2022.09.29 04:07:03","2023.01.03 08:18:35","Herrod Randolph","Jordan Buck"),
    (20,20,20,"nisi nibh lacinia orci, consectetuer euismod est arcu ac orci. Ut semper pretium neque. Morbi quis urna. Nunc quis arcu vel","2024.04.28 05:44:06","2023.08.25 09:00:45","Reece Mckee","Samuel Ruiz"),
    (21,21,21,"dolor, tempus non, lacinia at, iaculis quis, pede. Praesent eu dui. Cum sociis natoque penatibus et magnis dis parturient montes, nascetur ridiculus mus. Aenean eget magna. Suspendisse tristique","2024.02.10 09:32:44","2023.04.18 09:13:29","Lunea Welch","Donovan Bates"),
    (22,22,22,"lorem fringilla ornare placerat, orci lacus vestibulum lorem, sit amet ultricies sem magna nec quam. Curabitur vel lectus. Cum sociis natoque penatibus et magnis dis parturient montes, nascetur ridiculus","2023.08.22 00:14:24","2023.06.05 10:54:28","Lila Watkins","Meredith Spears"),
    (23,23,23,"erat volutpat. Nulla dignissim. Maecenas ornare egestas ligula. Nullam feugiat placerat velit. Quisque varius. Nam porttitor scelerisque neque. Nullam nisl. Maecenas malesuada fringilla est. Mauris eu turpis. Nulla","2022.12.07 17:00:39","2024.03.20 17:52:18","Zephania Buckley","Ima Woods"),
    (24,24,24,"diam dictum sapien. Aenean massa. Integer vitae nibh. Donec est mauris, rhoncus id, mollis nec, cursus a, enim. Suspendisse aliquet, sem ut cursus luctus, ipsum leo","2024.07.24 17:21:46","2024.05.11 09:00:01","Kevin Solis","Rhiannon Logan"),
    (25,25,25,"Nunc lectus pede, ultrices a, auctor non, feugiat nec, diam. Duis mi enim, condimentum eget, volutpat ornare, facilisis eget, ipsum. Donec sollicitudin adipiscing ligula.","2023.03.10 09:34:11","2024.05.17 11:49:11","Walker Mcfadden","Nolan Gardner"),
    (26,26,26,"ante, iaculis nec, eleifend non, dapibus rutrum, justo. Praesent luctus. Curabitur egestas nunc sed libero. Proin sed turpis nec mauris blandit mattis. Cras","2024.03.20 10:05:19","2022.11.23 22:11:15","Ifeoma Hopkins","Ingrid Lara"),
    (27,27,27,"placerat, augue. Sed molestie. Sed id risus quis diam luctus lobortis. Class aptent taciti sociosqu ad litora torquent per conubia nostra, per inceptos hymenaeos. Mauris ut quam","2022.10.08 02:05:42","2023.11.14 21:05:37","Neville Velazquez","Gareth Santana"),
    (28,28,28,"ligula. Nullam feugiat placerat velit. Quisque varius. Nam porttitor scelerisque neque. Nullam nisl. Maecenas malesuada fringilla est. Mauris eu turpis. Nulla aliquet. Proin velit. Sed malesuada augue ut","2024.06.09 03:49:05","2023.09.15 07:23:46","Harper Hudson","Harlan Hopper"),
    (29,29,29,"Nam tempor diam dictum sapien. Aenean massa. Integer vitae nibh. Donec est mauris, rhoncus id, mollis nec, cursus a, enim. Suspendisse","2023.03.21 02:12:31","2024.06.14 10:45:43","Ian Stevens","Winifred Wilder"),
    (30,30,30,"Cras interdum. Nunc sollicitudin commodo ipsum. Suspendisse non leo. Vivamus nibh dolor, nonummy ac, feugiat non, lobortis quis, pede. Suspendisse dui. Fusce diam nunc, ullamcorper","2024.06.25 12:20:08","2023.10.27 01:47:27","Xenos Dillon","Jaden Landry"),
    (31,31,31,"fermentum vel, mauris. Integer sem elit, pharetra ut, pharetra sed, hendrerit a, arcu. Sed et libero. Proin mi. Aliquam gravida mauris ut mi. Duis risus","2024.02.16 04:57:08","2023.08.05 11:54:11","Lee Blanchard","Madeson Robbins"),
    (32,32,32,"dolor vitae dolor. Donec fringilla. Donec feugiat metus sit amet ante. Vivamus non lorem vitae odio sagittis semper. Nam tempor diam","2024.02.01 02:07:24","2024.09.11 17:45:16","Beck Johns","Brooke Sweeney"),
    (33,33,33,"sociis natoque penatibus et magnis dis parturient montes, nascetur ridiculus mus. Donec dignissim magna a tortor. Nunc commodo auctor velit. Aliquam","2024.05.11 22:33:16","2024.03.04 03:28:28","Ryder Vargas","Blythe Cline"),
    (34,34,34,"nec enim. Nunc ut erat. Sed nunc est, mollis non, cursus non, egestas a, dui. Cras pellentesque. Sed dictum. Proin eget odio. Aliquam vulputate ullamcorper magna. Sed eu eros. Nam","2024.04.14 09:29:21","2024.09.01 16:31:26","Rinah Sharp","Reese Mcbride"),
    (35,35,35,"eu dui. Cum sociis natoque penatibus et magnis dis parturient montes, nascetur ridiculus mus. Aenean eget magna. Suspendisse tristique neque venenatis lacus. Etiam bibendum fermentum metus.","2023.06.12 04:41:42","2024.03.17 11:12:26","Kathleen James","Virginia Lowe"),
    (36,36,36,"blandit viverra. Donec tempus, lorem fringilla ornare placerat, orci lacus vestibulum lorem, sit amet ultricies sem magna nec quam. Curabitur vel","2024.08.12 07:19:28","2023.02.11 20:26:13","Chantale Massey","Julian Valentine"),
    (37,37,37,"a mi fringilla mi lacinia mattis. Integer eu lacus. Quisque imperdiet, erat nonummy ultricies ornare, elit elit fermentum risus, at fringilla purus mauris a","2024.02.18 20:26:55","2024.06.26 12:18:49","Vance Wolf","Carson Faulkner"),
    (38,38,38,"bibendum sed, est. Nunc laoreet lectus quis massa. Mauris vestibulum, neque sed dictum eleifend, nunc risus varius orci, in consequat enim diam vel arcu. Curabitur ut odio vel est","2022.12.05 16:48:37","2024.03.05 22:35:43","Elmo Barrett","Yoshi Clarke"),
    (39,39,39,"iaculis enim, sit amet ornare lectus justo eu arcu. Morbi sit amet massa. Quisque porttitor eros nec tellus. Nunc lectus pede, ultrices a, auctor non, feugiat nec, diam.","2024.06.22 23:19:22","2024.04.29 19:27:18","Azalia Wilkinson","Nerea Melton"),
    (40,40,40,"augue eu tellus. Phasellus elit pede, malesuada vel, venenatis vel, faucibus id, libero. Donec consectetuer mauris id sapien. Cras dolor dolor,","2023.09.13 20:34:49","2024.01.04 02:15:50","Kamal Briggs","Paul James"),
    (41,41,41,"ligula. Nullam enim. Sed nulla ante, iaculis nec, eleifend non, dapibus rutrum, justo. Praesent luctus. Curabitur egestas nunc sed libero. Proin sed turpis nec mauris blandit mattis. Cras","2024.05.12 03:38:57","2023.01.10 16:31:35","Jonah Conley","Lunea Moses"),
    (42,42,42,"Phasellus libero mauris, aliquam eu, accumsan sed, facilisis vitae, orci. Phasellus dapibus quam quis diam. Pellentesque habitant morbi tristique senectus et netus et malesuada fames","2023.07.19 10:29:23","2022.11.11 14:03:11","Jane Whitney","Ariana Walters"),
    (43,43,43,"diam at pretium aliquet, metus urna convallis erat, eget tincidunt dui augue eu tellus. Phasellus elit pede, malesuada vel, venenatis vel, faucibus","2023.11.16 22:18:26","2023.07.04 15:33:20","Harrison Ramos","Chaney Kirby"),
    (44,44,44,"tincidunt, nunc ac mattis ornare, lectus ante dictum mi, ac mattis velit justo nec ante. Maecenas mi felis, adipiscing fringilla, porttitor","2024.04.14 17:54:15","2024.01.15 23:03:27","Kamal Horne","Jael Baldwin"),
    (45,45,45,"quam, elementum at, egestas a, scelerisque sed, sapien. Nunc pulvinar arcu et pede. Nunc sed orci lobortis augue scelerisque mollis. Phasellus libero mauris, aliquam eu, accumsan sed, facilisis vitae,","2022.09.14 14:40:23","2023.05.19 01:39:46","Marsden Cooley","Kirby Macdonald"),
    (46,46,46,"ante. Nunc mauris sapien, cursus in, hendrerit consectetuer, cursus et, magna. Praesent interdum ligula eu enim. Etiam imperdiet dictum magna. Ut","2023.07.06 21:12:56","2024.02.26 18:47:31","Beck Baxter","Jessamine Hogan"),
    (47,47,47,"felis purus ac tellus. Suspendisse sed dolor. Fusce mi lorem, vehicula et, rutrum eu, ultrices sit amet, risus. Donec nibh enim, gravida sit","2023.04.21 17:36:45","2024.03.23 17:16:33","Stephen Stevens","Micah Roberson"),
    (48,48,48,"lacus vestibulum lorem, sit amet ultricies sem magna nec quam. Curabitur vel lectus. Cum sociis natoque penatibus et magnis dis parturient montes, nascetur ridiculus","2023.01.15 05:54:42","2023.03.25 09:11:34","Shannon Rivers","Nita Adkins"),
    (49,49,49,"molestie sodales. Mauris blandit enim consequat purus. Maecenas libero est, congue a, aliquet vel, vulputate eu, odio. Phasellus at augue id","2023.08.05 10:47:40","2024.01.01 16:45:58","Gregory Hines","Azalia Maldonado"),
    (50,50,50,"Donec feugiat metus sit amet ante. Vivamus non lorem vitae odio sagittis semper. Nam tempor diam dictum sapien. Aenean massa. Integer vitae nibh. Donec est mauris, rhoncus id,","2022.12.22 09:47:43","2023.07.15 06:32:02","Demetria Horne","Amena Vincent");

-- 4. PostLikes
INSERT INTO post_likes (post_like_id,post_id,user_id)
VALUES
    (1,1,1),
    (2,2,2),
    (3,3,3),
    (4,4,4),
    (5,5,5),
    (6,6,6),
    (7,7,7),
    (8,8,8),
    (9,9,9),
    (10,10,10),
    (11,11,11),
    (12,12,12),
    (13,13,13),
    (14,14,14),
    (15,15,15),
    (16,16,16),
    (17,17,17),
    (18,18,18),
    (19,19,19),
    (20,20,20),
    (21,21,21),
    (22,22,22),
    (23,23,23),
    (24,24,24),
    (25,25,25),
    (26,26,26),
    (27,27,27),
    (28,28,28),
    (29,29,29),
    (30,30,30),
    (31,31,31),
    (32,32,32),
    (33,33,33),
    (34,34,34),
    (35,35,35),
    (36,36,36),
    (37,37,37),
    (38,38,38),
    (39,39,39),
    (40,40,40),
    (41,41,41),
    (42,42,42),
    (43,43,43),
    (44,44,44),
    (45,45,45),
    (46,46,46),
    (47,47,47),
    (48,48,48),
    (49,49,49),
    (50,50,50);
