-- Dummy Data

-- 1. Users
INSERT INTO users (user_id, login_id, name, nickname, password)
VALUES (1, "erat.eget@outlook.ca", "Carissa Chan", "Indira Wagner", "VDS42ZMG5IO"),
       (2, "ipsum.donec@hotmail.couk", "Arthur Hodge", "Zachery Kaufman", "JKD51FKX1XI"),
       (3, "risus@hotmail.ca", "Ethan Bright", "Chastity Gilbert", "TSU43OLF6VN"),
       (4, "amet.orci.ut@aol.couk", "Asher Compton", "Rose Frazier", "GUB75LWD3GP"),
       (5, "id.enim@icloud.edu", "Deacon Smith", "Gage Charles", "EEQ85CGI3HK"),
       (6, "neque@outlook.edu", "Magee Hopper", "India Richard", "URR34VMV7ZV"),
       (7, "blandit.viverra@google.couk", "Kai Ball", "Basia Flynn", "NNM77ISK5BR"),
       (8, "quam.curabitur@google.ca", "Noble Grimes", "Arsenio Gilbert", "HWE25UNF1CH"),
       (9, "mauris.integer.sem@outlook.edu", "Zahir Frost", "Ferdinand Blackburn", "SAN76OZF8FC"),
       (10, "nunc.sit@icloud.couk", "Julie Hanson", "Darius Floyd", "MSF07INH1CW"),
       (11, "donec.nibh.enim@protonmail.com", "Oleg Cash", "Phelan Deleon", "FEL67VQR5NR"),
       (12, "sem.magna@protonmail.net", "Hector Jones", "Moses Steele", "LWG25JFN4YV"),
       (13, "natoque@outlook.ca", "Tiger Simmons", "Xander Hurst", "WWU37FPL3RG"),
       (14, "diam@icloud.net", "John Sanchez", "Lee Sweet", "RQS94ZDW8OQ"),
       (15, "rutrum.magna@outlook.com", "Jolie Lott", "Odysseus Reyes", "YZC70HLK1RN"),
       (16, "tempus.non.lacinia@yahoo.edu", "Byron Preston", "Zephania Steele", "XNP64ZAZ7SO"),
       (17, "at.fringilla.purus@protonmail.edu", "Octavia Trevino", "Fitzgerald Griffith", "QNJ43XSC5NO"),
       (18, "risus.nulla@yahoo.com", "Chaim Taylor", "Ifeoma Mcconnell", "MQL15GQB8OY"),
       (19, "ultrices.mauris@google.com", "Emmanuel Key", "Joy Dominguez", "YWY19TWR7DI"),
       (20, "integer@yahoo.couk", "Igor Lara", "Carla Briggs", "OKK85ELU6LO"),
       (21, "proin.nisl@outlook.ca", "Phoebe Sharpe", "Fritz Coleman", "IOY57PJH3DM"),
       (22, "dolor@hotmail.couk", "Aladdin Best", "Macy Cook", "YNL72VHT1QA"),
       (23, "ut@yahoo.org", "Julie Lott", "Daphne Dickerson", "JCW15UUH5DW"),
       (24, "maecenas.malesuada@yahoo.org", "Jesse Mcclain", "Ross Riddle", "OND77WMH6YS"),
       (25, "vel@outlook.com", "Ian Kemp", "Leslie Nielsen", "DMS51QRC9IT"),
       (26, "eu.odio@outlook.edu", "Finn O'brien", "Britanni Bartlett", "IGE23URJ2BK"),
       (27, "eleifend.nunc.risus@outlook.couk", "Chancellor Tran", "Luke Macdonald", "DBW96DDJ5CK"),
       (28, "pede.praesent@icloud.net", "Ulla Franks", "Jocelyn Kirby", "ONN67FXV5WL"),
       (29, "consectetuer@icloud.org", "Thane Clarke", "Piper Randolph", "DFS23XAG9RF"),
       (30, "dictum@aol.ca", "Amir Wood", "Kelsey Bailey", "XSM62PLR4YA"),
       (31, "nisi.nibh.lacinia@google.org", "Lisandra Burks", "Drew Winters", "XQM71RNZ7IK"),
       (32, "aliquet.metus.urna@google.couk", "Ralph Williams", "Lars Holland", "BKC42UTI3PO"),
       (33, "magna.a.neque@protonmail.org", "Sebastian Ferrell", "Jakeem Hampton", "QUS66KYQ5NW"),
       (34, "dictum.mi.ac@hotmail.couk", "Kelsie Cross", "Ashely Foley", "GXM06GQS5PI"),
       (35, "et.netus@hotmail.net", "Vaughan Walton", "Ora Cameron", "LRC44DIY2HW"),
       (36, "et.risus@protonmail.com", "Maisie Bird", "Barry Michael", "XJJ12UTX3OA"),
       (37, "consequat.dolor@protonmail.net", "Ina Farley", "Theodore Rosales", "LVW55FPZ6YH"),
       (38, "vulputate@protonmail.org", "Britanney Blackwell", "Kenyon Dawson", "DCJ12KVI6SW"),
       (39, "magna.ut@icloud.edu", "Flynn Hopper", "Nerea Cantrell", "ANJ03WQB4PZ"),
       (40, "sed.nunc@aol.ca", "Carly Maynard", "Hayes Cross", "NGJ70LGY3WW"),
       (41, "dictum.eleifend.nunc@hotmail.org", "Felix O'donnell", "Jemima Harrison", "SKQ02QGJ7XV"),
       (42, "lectus@outlook.edu", "Quynn Horne", "Nero Vaughn", "IOY11DDG2CZ"),
       (43, "ut.erat.sed@icloud.ca", "Lucas Mcintyre", "Chaim Justice", "VKV34NZV1UC"),
       (44, "nunc.sollicitudin@outlook.ca", "Erich Mclean", "Ann Keller", "YRC24JXW6MX"),
       (45, "donec.est.mauris@google.couk", "Minerva Hewitt", "Gareth Mays", "ZTD88RQT8PM"),
       (46, "sed.id@outlook.net", "Chancellor Keith", "Alexandra Bentley", "BHY81KQJ7IV"),
       (47, "et.netus@outlook.org", "Deanna Christian", "Erin Perkins", "DID71LFK0NW"),
       (48, "magnis@aol.net", "Ivana Velazquez", "Rhiannon Cannon", "NSY59VXH3QH"),
       (49, "lectus.sit@outlook.com", "Belle Bullock", "Mona Molina", "ERX35CAS5HW"),
       (50, 'admin', 'admin', 'Admin', '0000');

-- 2. Posts
insert into posts (post_id, user_id, title, content, created_date, last_modified_date, created_by, last_modified_by)
values (1, 1, 'Duis aliquam convallis nunc. Proin at turpis a pede posuere nonummy.', 'Nam ultrices, libero non mattis pulvinar, nulla pede ullamcorper augue, a suscipit nulla elit ac nulla. Sed vel enim sit amet nunc viverra dapibus. Nulla suscipit ligula in lacus.

Curabitur at ipsum ac tellus semper interdum. Mauris ullamcorper purus sit amet nulla. Quisque arcu libero, rutrum ac, lobortis vel, dapibus at, diam.',
        '2023.01.01 00:00:00', '2023.01.01 00:00:00', 'cchipchase0', 'rborzoni0'),
       (2, 2,
        'Morbi vel lectus in quam fringilla rhoncus. Mauris enim leo, rhoncus sed, vestibulum sit amet, cursus id, turpis.', 'Cum sociis natoque penatibus et magnis dis parturient montes, nascetur ridiculus mus. Vivamus vestibulum sagittis sapien. Cum sociis natoque penatibus et magnis dis parturient montes, nascetur ridiculus mus.

Etiam vel augue. Vestibulum rutrum rutrum neque. Aenean auctor gravida sem.', '2023.01.02 00:00:00',
        '2023.01.02 00:00:00', 'cminchinton1', 'rdand1'),
       (3, 3,
        'Vestibulum ante ipsum primis in faucibus orci luctus et ultrices posuere cubilia Curae; Mauris viverra diam vitae quam. Suspendisse potenti.', 'Fusce posuere felis sed lacus. Morbi sem mauris, laoreet ut, rhoncus aliquet, pulvinar sed, nisl. Nunc rhoncus dui vel sem.

Sed sagittis. Nam congue, risus semper porta volutpat, quam pede lobortis ligula, sit amet eleifend pede libero quis orci. Nullam molestie nibh in lectus.

Pellentesque at nulla. Suspendisse potenti. Cras in purus eu magna vulputate luctus.', '2023.01.03 00:00:00',
        '2023.01.03 00:00:00', 'thavik2', 'mfidelli2'),
       (4, 4, 'Vestibulum rutrum rutrum neque. Aenean auctor gravida sem.', 'In hac habitasse platea dictumst. Morbi vestibulum, velit id pretium iaculis, diam erat fermentum justo, nec condimentum neque sapien placerat ante. Nulla justo.

Aliquam quis turpis eget elit sodales scelerisque. Mauris sit amet eros. Suspendisse accumsan tortor quis turpis.',
        '2023.01.04 00:00:00', '2023.01.04 00:00:00', 'cwitherington3', 'crichel3'),
       (5, 5, 'Ut tellus. Nulla ut erat id mauris vulputate elementum.', 'Cum sociis natoque penatibus et magnis dis parturient montes, nascetur ridiculus mus. Vivamus vestibulum sagittis sapien. Cum sociis natoque penatibus et magnis dis parturient montes, nascetur ridiculus mus.

Etiam vel augue. Vestibulum rutrum rutrum neque. Aenean auctor gravida sem.

Praesent id massa id nisl venenatis lacinia. Aenean sit amet justo. Morbi ut odio.', '2023.01.05 00:00:00',
        '2023.01.05 00:00:00', 'medington4', 'pdeevey4'),
       (6, 6, 'Nam nulla. Integer pede justo, lacinia eget, tincidunt eget, tempus vel, pede.', 'In hac habitasse platea dictumst. Morbi vestibulum, velit id pretium iaculis, diam erat fermentum justo, nec condimentum neque sapien placerat ante. Nulla justo.

Aliquam quis turpis eget elit sodales scelerisque. Mauris sit amet eros. Suspendisse accumsan tortor quis turpis.

Sed ante. Vivamus tortor. Duis mattis egestas metus.', '2023.01.06 00:00:00', '2023.01.06 00:00:00', 'kasquith5',
        'bcurzey5'),
       (7, 7, 'Nam nulla. Integer pede justo, lacinia eget, tincidunt eget, tempus vel, pede.', 'Vestibulum ac est lacinia nisi venenatis tristique. Fusce congue, diam id ornare imperdiet, sapien urna pretium nisl, ut volutpat sapien arcu sed augue. Aliquam erat volutpat.

In congue. Etiam justo. Etiam pretium iaculis justo.

In hac habitasse platea dictumst. Etiam faucibus cursus urna. Ut tellus.', '2023.01.07 00:00:00', '2023.01.07 00:00:00',
        'seckery6', 'mmishow6'),
       (8, 8,
        'Donec diam neque, vestibulum eget, vulputate ut, ultrices vel, augue. Vestibulum ante ipsum primis in faucibus orci luctus et ultrices posuere cubilia Curae; Donec pharetra, magna vestibulum aliquet ultrices, erat tortor sollicitudin mi, sit amet lobortis sapien sapien non mi.', 'Fusce consequat. Nulla nisl. Nunc nisl.

Duis bibendum, felis sed interdum venenatis, turpis enim blandit mi, in porttitor pede justo eu massa. Donec dapibus. Duis at velit eu est congue elementum.',
        '2023.01.08 00:00:00', '2023.01.08 00:00:00', 'gpetrovic7', 'nboyton7'),
       (9, 9,
        'Vestibulum ante ipsum primis in faucibus orci luctus et ultrices posuere cubilia Curae; Donec pharetra, magna vestibulum aliquet ultrices, erat tortor sollicitudin mi, sit amet lobortis sapien sapien non mi. Integer ac neque.', 'Cras non velit nec nisi vulputate nonummy. Maecenas tincidunt lacus at velit. Vivamus vel nulla eget eros elementum pellentesque.

Quisque porta volutpat erat. Quisque erat eros, viverra eget, congue eget, semper rutrum, nulla. Nunc purus.',
        '2023.01.09 00:00:00', '2023.01.09 00:00:00', 'gpiddocke8', 'jlaver8'),
       (10, 10, 'Morbi porttitor lorem id ligula. Suspendisse ornare consequat lectus.', 'Mauris enim leo, rhoncus sed, vestibulum sit amet, cursus id, turpis. Integer aliquet, massa id lobortis convallis, tortor risus dapibus augue, vel accumsan tellus nisi eu orci. Mauris lacinia sapien quis libero.

Nullam sit amet turpis elementum ligula vehicula consequat. Morbi a ipsum. Integer a nibh.', '2023.01.10 00:00:00',
        '2023.01.10 00:00:00', 'dbredbury9', 'vmenary9'),
       (11, 11,
        'Donec odio justo, sollicitudin ut, suscipit a, feugiat et, eros. Vestibulum ac est lacinia nisi venenatis tristique.', 'In sagittis dui vel nisl. Duis ac nibh. Fusce lacus purus, aliquet at, feugiat non, pretium quis, lectus.

Suspendisse potenti. In eleifend quam a odio. In hac habitasse platea dictumst.', '2023.01.11 00:00:00',
        '2023.01.11 00:00:00', 'abownessa', 'fbroadleya'),
       (12, 12,
        'Phasellus id sapien in sapien iaculis congue. Vivamus metus arcu, adipiscing molestie, hendrerit at, vulputate vitae, nisl.', 'Aenean lectus. Pellentesque eget nunc. Donec quis orci eget orci vehicula condimentum.

Curabitur in libero ut massa volutpat convallis. Morbi odio odio, elementum eu, interdum eu, tincidunt in, leo. Maecenas pulvinar lobortis est.',
        '2023.01.12 00:00:00', '2023.01.12 00:00:00', 'rhewesb', 'mtingleb'),
       (13, 13, 'Morbi a ipsum. Integer a nibh.', 'Cum sociis natoque penatibus et magnis dis parturient montes, nascetur ridiculus mus. Vivamus vestibulum sagittis sapien. Cum sociis natoque penatibus et magnis dis parturient montes, nascetur ridiculus mus.

Etiam vel augue. Vestibulum rutrum rutrum neque. Aenean auctor gravida sem.

Praesent id massa id nisl venenatis lacinia. Aenean sit amet justo. Morbi ut odio.', '2023.01.13 00:00:00',
        '2023.01.13 00:00:00', 'aborgesc', 'fwaldrumc'),
       (14, 14, 'Nulla tellus. In sagittis dui vel nisl.', 'Vestibulum quam sapien, varius ut, blandit non, interdum in, ante. Vestibulum ante ipsum primis in faucibus orci luctus et ultrices posuere cubilia Curae; Duis faucibus accumsan odio. Curabitur convallis.

Duis consequat dui nec nisi volutpat eleifend. Donec ut dolor. Morbi vel lectus in quam fringilla rhoncus.

Mauris enim leo, rhoncus sed, vestibulum sit amet, cursus id, turpis. Integer aliquet, massa id lobortis convallis, tortor risus dapibus augue, vel accumsan tellus nisi eu orci. Mauris lacinia sapien quis libero.',
        '2023.01.14 00:00:00', '2023.01.14 00:00:00', 'rperrid', 'epallyd'),
       (15, 15, 'Aenean fermentum. Donec ut mauris eget massa tempor convallis.', 'Donec diam neque, vestibulum eget, vulputate ut, ultrices vel, augue. Vestibulum ante ipsum primis in faucibus orci luctus et ultrices posuere cubilia Curae; Donec pharetra, magna vestibulum aliquet ultrices, erat tortor sollicitudin mi, sit amet lobortis sapien sapien non mi. Integer ac neque.

Duis bibendum. Morbi non quam nec dui luctus rutrum. Nulla tellus.', '2023.01.15 00:00:00', '2023.01.15 00:00:00',
        'tgundreye', 'pjosifovice'),
       (16, 16, 'Quisque arcu libero, rutrum ac, lobortis vel, dapibus at, diam. Nam tristique tortor eu pede.', 'Morbi non lectus. Aliquam sit amet diam in magna bibendum imperdiet. Nullam orci pede, venenatis non, sodales sed, tincidunt eu, felis.

Fusce posuere felis sed lacus. Morbi sem mauris, laoreet ut, rhoncus aliquet, pulvinar sed, nisl. Nunc rhoncus dui vel sem.',
        '2023.01.16 00:00:00', '2023.01.16 00:00:00', 'mgillif', 'aalbisserf'),
       (17, 17, 'Suspendisse potenti. Nullam porttitor lacus at turpis.', 'Phasellus in felis. Donec semper sapien a libero. Nam dui.

Proin leo odio, porttitor id, consequat in, consequat ut, nulla. Sed accumsan felis. Ut at dolor quis odio consequat varius.

Integer ac leo. Pellentesque ultrices mattis odio. Donec vitae nisi.', '2023.01.17 00:00:00', '2023.01.17 00:00:00',
        'cdovingtong', 'gcancellierig'),
       (18, 18, 'Quisque arcu libero, rutrum ac, lobortis vel, dapibus at, diam. Nam tristique tortor eu pede.', 'Integer ac leo. Pellentesque ultrices mattis odio. Donec vitae nisi.

Nam ultrices, libero non mattis pulvinar, nulla pede ullamcorper augue, a suscipit nulla elit ac nulla. Sed vel enim sit amet nunc viverra dapibus. Nulla suscipit ligula in lacus.',
        '2023.01.18 00:00:00', '2023.01.18 00:00:00', 'rtouth', 'gyveh'),
       (19, 19, 'Pellentesque at nulla. Suspendisse potenti.', 'Phasellus in felis. Donec semper sapien a libero. Nam dui.

Proin leo odio, porttitor id, consequat in, consequat ut, nulla. Sed accumsan felis. Ut at dolor quis odio consequat varius.',
        '2023.01.19 00:00:00', '2023.01.19 00:00:00', 'dbullinghami', 'tdentyi'),
       (20, 20, 'Fusce posuere felis sed lacus. Morbi sem mauris, laoreet ut, rhoncus aliquet, pulvinar sed, nisl.', 'Aliquam quis turpis eget elit sodales scelerisque. Mauris sit amet eros. Suspendisse accumsan tortor quis turpis.

Sed ante. Vivamus tortor. Duis mattis egestas metus.

Aenean fermentum. Donec ut mauris eget massa tempor convallis. Nulla neque libero, convallis eget, eleifend luctus, ultricies eu, nibh.',
        '2023.01.20 00:00:00', '2023.01.20 00:00:00', 'sturonej', 'cjessonj'),
       (21, 21,
        'Cras in purus eu magna vulputate luctus. Cum sociis natoque penatibus et magnis dis parturient montes, nascetur ridiculus mus.', 'Duis consequat dui nec nisi volutpat eleifend. Donec ut dolor. Morbi vel lectus in quam fringilla rhoncus.

Mauris enim leo, rhoncus sed, vestibulum sit amet, cursus id, turpis. Integer aliquet, massa id lobortis convallis, tortor risus dapibus augue, vel accumsan tellus nisi eu orci. Mauris lacinia sapien quis libero.',
        '2023.01.21 00:00:00', '2023.01.21 00:00:00', 'hcaserok', 'jsobieskik'),
       (22, 22,
        'Duis bibendum, felis sed interdum venenatis, turpis enim blandit mi, in porttitor pede justo eu massa. Donec dapibus.', 'Duis aliquam convallis nunc. Proin at turpis a pede posuere nonummy. Integer non velit.

Donec diam neque, vestibulum eget, vulputate ut, ultrices vel, augue. Vestibulum ante ipsum primis in faucibus orci luctus et ultrices posuere cubilia Curae; Donec pharetra, magna vestibulum aliquet ultrices, erat tortor sollicitudin mi, sit amet lobortis sapien sapien non mi. Integer ac neque.',
        '2023.01.22 00:00:00', '2023.01.22 00:00:00', 'fmapstonl', 'eedwickl'),
       (23, 23, 'Quisque ut erat. Curabitur gravida nisi at nibh.', 'Vestibulum ac est lacinia nisi venenatis tristique. Fusce congue, diam id ornare imperdiet, sapien urna pretium nisl, ut volutpat sapien arcu sed augue. Aliquam erat volutpat.

In congue. Etiam justo. Etiam pretium iaculis justo.', '2023.01.23 00:00:00', '2023.01.23 00:00:00', 'shandslipm',
        'ggarberm'),
       (24, 24, 'Maecenas pulvinar lobortis est. Phasellus sit amet erat.', 'Quisque porta volutpat erat. Quisque erat eros, viverra eget, congue eget, semper rutrum, nulla. Nunc purus.

Phasellus in felis. Donec semper sapien a libero. Nam dui.

Proin leo odio, porttitor id, consequat in, consequat ut, nulla. Sed accumsan felis. Ut at dolor quis odio consequat varius.',
        '2023.01.24 00:00:00', '2023.01.24 00:00:00', 'rjodern', 'sjirasekn'),
       (25, 25, 'Duis consequat dui nec nisi volutpat eleifend. Donec ut dolor.', 'Duis bibendum, felis sed interdum venenatis, turpis enim blandit mi, in porttitor pede justo eu massa. Donec dapibus. Duis at velit eu est congue elementum.

In hac habitasse platea dictumst. Morbi vestibulum, velit id pretium iaculis, diam erat fermentum justo, nec condimentum neque sapien placerat ante. Nulla justo.

Aliquam quis turpis eget elit sodales scelerisque. Mauris sit amet eros. Suspendisse accumsan tortor quis turpis.',
        '2023.01.25 00:00:00', '2023.01.25 00:00:00', 'iweinero', 'scardenaso'),
       (26, 26,
        'Morbi vestibulum, velit id pretium iaculis, diam erat fermentum justo, nec condimentum neque sapien placerat ante. Nulla justo.', 'Etiam vel augue. Vestibulum rutrum rutrum neque. Aenean auctor gravida sem.

Praesent id massa id nisl venenatis lacinia. Aenean sit amet justo. Morbi ut odio.', '2023.01.26 00:00:00',
        '2023.01.26 00:00:00', 'splunkettp', 'apoulterp'),
       (27, 27, 'Integer pede justo, lacinia eget, tincidunt eget, tempus vel, pede. Morbi porttitor lorem id ligula.', 'Suspendisse potenti. In eleifend quam a odio. In hac habitasse platea dictumst.

Maecenas ut massa quis augue luctus tincidunt. Nulla mollis molestie lorem. Quisque ut erat.', '2023.01.27 00:00:00',
        '2023.01.27 00:00:00', 'lmcloughlinq', 'astrephanq'),
       (28, 28,
        'Morbi vestibulum, velit id pretium iaculis, diam erat fermentum justo, nec condimentum neque sapien placerat ante. Nulla justo.', 'Praesent blandit. Nam nulla. Integer pede justo, lacinia eget, tincidunt eget, tempus vel, pede.

Morbi porttitor lorem id ligula. Suspendisse ornare consequat lectus. In est risus, auctor sed, tristique in, tempus sit amet, sem.

Fusce consequat. Nulla nisl. Nunc nisl.', '2023.01.28 00:00:00', '2023.01.28 00:00:00', 'cpittwoodr', 'mdoyleyr'),
       (29, 29, 'Aenean fermentum. Donec ut mauris eget massa tempor convallis.', 'Suspendisse potenti. In eleifend quam a odio. In hac habitasse platea dictumst.

Maecenas ut massa quis augue luctus tincidunt. Nulla mollis molestie lorem. Quisque ut erat.', '2023.01.29 00:00:00',
        '2023.01.29 00:00:00', 'wcosbees', 'mjusthams'),
       (30, 30, 'Suspendisse potenti. Cras in purus eu magna vulputate luctus.', 'Quisque porta volutpat erat. Quisque erat eros, viverra eget, congue eget, semper rutrum, nulla. Nunc purus.

Phasellus in felis. Donec semper sapien a libero. Nam dui.

Proin leo odio, porttitor id, consequat in, consequat ut, nulla. Sed accumsan felis. Ut at dolor quis odio consequat varius.',
        '2023.01.30 00:00:00', '2023.01.30 00:00:00', 'hselewayt', 'jversont'),
       (31, 31, 'Morbi odio odio, elementum eu, interdum eu, tincidunt in, leo. Maecenas pulvinar lobortis est.', 'Morbi porttitor lorem id ligula. Suspendisse ornare consequat lectus. In est risus, auctor sed, tristique in, tempus sit amet, sem.

Fusce consequat. Nulla nisl. Nunc nisl.

Duis bibendum, felis sed interdum venenatis, turpis enim blandit mi, in porttitor pede justo eu massa. Donec dapibus. Duis at velit eu est congue elementum.',
        '2023.01.31 00:00:00', '2023.01.31 00:00:00', 'esecretu', 'civattsu'),
       (32, 32, 'Nullam orci pede, venenatis non, sodales sed, tincidunt eu, felis. Fusce posuere felis sed lacus.', 'Proin interdum mauris non ligula pellentesque ultrices. Phasellus id sapien in sapien iaculis congue. Vivamus metus arcu, adipiscing molestie, hendrerit at, vulputate vitae, nisl.

Aenean lectus. Pellentesque eget nunc. Donec quis orci eget orci vehicula condimentum.

Curabitur in libero ut massa volutpat convallis. Morbi odio odio, elementum eu, interdum eu, tincidunt in, leo. Maecenas pulvinar lobortis est.',
        '2023.02.01 00:00:00', '2023.02.01 00:00:00', 'tjzhakovv', 'ilegendrev'),
       (33, 33, 'Suspendisse ornare consequat lectus. In est risus, auctor sed, tristique in, tempus sit amet, sem.', 'Maecenas tristique, est et tempus semper, est quam pharetra magna, ac consequat metus sapien ut nunc. Vestibulum ante ipsum primis in faucibus orci luctus et ultrices posuere cubilia Curae; Mauris viverra diam vitae quam. Suspendisse potenti.

Nullam porttitor lacus at turpis. Donec posuere metus vitae ipsum. Aliquam non mauris.', '2023.02.02 00:00:00',
        '2023.02.02 00:00:00', 'dbinnallw', 'jvanmerwew'),
       (34, 34,
        'Donec diam neque, vestibulum eget, vulputate ut, ultrices vel, augue. Vestibulum ante ipsum primis in faucibus orci luctus et ultrices posuere cubilia Curae; Donec pharetra, magna vestibulum aliquet ultrices, erat tortor sollicitudin mi, sit amet lobortis sapien sapien non mi.', 'In quis justo. Maecenas rhoncus aliquam lacus. Morbi quis tortor id nulla ultrices aliquet.

Maecenas leo odio, condimentum id, luctus nec, molestie sed, justo. Pellentesque viverra pede ac diam. Cras pellentesque volutpat dui.

Maecenas tristique, est et tempus semper, est quam pharetra magna, ac consequat metus sapien ut nunc. Vestibulum ante ipsum primis in faucibus orci luctus et ultrices posuere cubilia Curae; Mauris viverra diam vitae quam. Suspendisse potenti.',
        '2023.02.03 00:00:00', '2023.02.03 00:00:00', 'nfillerx', 'cschubuserx'),
       (35, 35, 'Morbi a ipsum. Integer a nibh.', 'In sagittis dui vel nisl. Duis ac nibh. Fusce lacus purus, aliquet at, feugiat non, pretium quis, lectus.

Suspendisse potenti. In eleifend quam a odio. In hac habitasse platea dictumst.', '2023.02.04 00:00:00',
        '2023.02.04 00:00:00', 'abelwardy', 'cbeniniy'),
       (36, 36,
        'Sed sagittis. Nam congue, risus semper porta volutpat, quam pede lobortis ligula, sit amet eleifend pede libero quis orci.', 'Cras non velit nec nisi vulputate nonummy. Maecenas tincidunt lacus at velit. Vivamus vel nulla eget eros elementum pellentesque.

Quisque porta volutpat erat. Quisque erat eros, viverra eget, congue eget, semper rutrum, nulla. Nunc purus.',
        '2023.02.05 00:00:00', '2023.02.05 00:00:00', 'gguerreauz', 'ijosez'),
       (37, 37,
        'Donec ut mauris eget massa tempor convallis. Nulla neque libero, convallis eget, eleifend luctus, ultricies eu, nibh.', 'In congue. Etiam justo. Etiam pretium iaculis justo.

In hac habitasse platea dictumst. Etiam faucibus cursus urna. Ut tellus.

Nulla ut erat id mauris vulputate elementum. Nullam varius. Nulla facilisi.', '2023.02.06 00:00:00',
        '2023.02.06 00:00:00', 'bgainsford10', 'jstubley10'),
       (38, 38, 'Vestibulum sed magna at nunc commodo placerat. Praesent blandit.', 'Curabitur in libero ut massa volutpat convallis. Morbi odio odio, elementum eu, interdum eu, tincidunt in, leo. Maecenas pulvinar lobortis est.

Phasellus sit amet erat. Nulla tempus. Vivamus in felis eu sapien cursus vestibulum.', '2023.02.07 00:00:00',
        '2023.02.07 00:00:00', 'cspottswood11', 'spenylton11'),
       (39, 39,
        'Aliquam augue quam, sollicitudin vitae, consectetuer eget, rutrum at, lorem. Integer tincidunt ante vel ipsum.', 'Maecenas leo odio, condimentum id, luctus nec, molestie sed, justo. Pellentesque viverra pede ac diam. Cras pellentesque volutpat dui.

Maecenas tristique, est et tempus semper, est quam pharetra magna, ac consequat metus sapien ut nunc. Vestibulum ante ipsum primis in faucibus orci luctus et ultrices posuere cubilia Curae; Mauris viverra diam vitae quam. Suspendisse potenti.

Nullam porttitor lacus at turpis. Donec posuere metus vitae ipsum. Aliquam non mauris.', '2023.02.08 00:00:00',
        '2023.02.08 00:00:00', 'bgainseford12', 'mthonason12'),
       (40, 40, 'In congue. Etiam justo.', 'In sagittis dui vel nisl. Duis ac nibh. Fusce lacus purus, aliquet at, feugiat non, pretium quis, lectus.

Suspendisse potenti. In eleifend quam a odio. In hac habitasse platea dictumst.', '2023.02.09 00:00:00',
        '2023.02.09 00:00:00', 'gkirkland13', 'hpolk13'),
       (41, 41, 'Mauris lacinia sapien quis libero. Nullam sit amet turpis elementum ligula vehicula consequat.', 'Proin leo odio, porttitor id, consequat in, consequat ut, nulla. Sed accumsan felis. Ut at dolor quis odio consequat varius.

Integer ac leo. Pellentesque ultrices mattis odio. Donec vitae nisi.

Nam ultrices, libero non mattis pulvinar, nulla pede ullamcorper augue, a suscipit nulla elit ac nulla. Sed vel enim sit amet nunc viverra dapibus. Nulla suscipit ligula in lacus.',
        '2023.02.10 00:00:00', '2023.02.10 00:00:00', 'mislip14', 'jlohoar14'),
       (42, 42,
        'Fusce congue, diam id ornare imperdiet, sapien urna pretium nisl, ut volutpat sapien arcu sed augue. Aliquam erat volutpat.', 'Morbi non lectus. Aliquam sit amet diam in magna bibendum imperdiet. Nullam orci pede, venenatis non, sodales sed, tincidunt eu, felis.

Fusce posuere felis sed lacus. Morbi sem mauris, laoreet ut, rhoncus aliquet, pulvinar sed, nisl. Nunc rhoncus dui vel sem.

Sed sagittis. Nam congue, risus semper porta volutpat, quam pede lobortis ligula, sit amet eleifend pede libero quis orci. Nullam molestie nibh in lectus.',
        '2023.02.11 00:00:00', '2023.02.11 00:00:00', 'ericketts15', 'csarl15'),
       (43, 43,
        'Curabitur in libero ut massa volutpat convallis. Morbi odio odio, elementum eu, interdum eu, tincidunt in, leo.', 'Cum sociis natoque penatibus et magnis dis parturient montes, nascetur ridiculus mus. Vivamus vestibulum sagittis sapien. Cum sociis natoque penatibus et magnis dis parturient montes, nascetur ridiculus mus.

Etiam vel augue. Vestibulum rutrum rutrum neque. Aenean auctor gravida sem.', '2023.02.12 00:00:00',
        '2023.02.12 00:00:00', 'wzelley16', 'rgrannell16'),
       (44, 44,
        'Cum sociis natoque penatibus et magnis dis parturient montes, nascetur ridiculus mus. Etiam vel augue.', 'Lorem ipsum dolor sit amet, consectetuer adipiscing elit. Proin risus. Praesent lectus.

Vestibulum quam sapien, varius ut, blandit non, interdum in, ante. Vestibulum ante ipsum primis in faucibus orci luctus et ultrices posuere cubilia Curae; Duis faucibus accumsan odio. Curabitur convallis.',
        '2023.02.13 00:00:00', '2023.02.13 00:00:00', 'opiotr17', 'rgirod17'),
       (45, 45, 'Morbi odio odio, elementum eu, interdum eu, tincidunt in, leo. Maecenas pulvinar lobortis est.', 'In quis justo. Maecenas rhoncus aliquam lacus. Morbi quis tortor id nulla ultrices aliquet.

Maecenas leo odio, condimentum id, luctus nec, molestie sed, justo. Pellentesque viverra pede ac diam. Cras pellentesque volutpat dui.

Maecenas tristique, est et tempus semper, est quam pharetra magna, ac consequat metus sapien ut nunc. Vestibulum ante ipsum primis in faucibus orci luctus et ultrices posuere cubilia Curae; Mauris viverra diam vitae quam. Suspendisse potenti.',
        '2023.02.14 00:00:00', '2023.02.14 00:00:00', 'fmcboyle18', 'bkupka18'),
       (46, 46, 'In quis justo. Maecenas rhoncus aliquam lacus.', 'Vestibulum ac est lacinia nisi venenatis tristique. Fusce congue, diam id ornare imperdiet, sapien urna pretium nisl, ut volutpat sapien arcu sed augue. Aliquam erat volutpat.

In congue. Etiam justo. Etiam pretium iaculis justo.

In hac habitasse platea dictumst. Etiam faucibus cursus urna. Ut tellus.', '2023.02.15 00:00:00', '2023.02.15 00:00:00',
        'kmacandreis19', 'hburrows19'),
       (47, 47, 'Donec posuere metus vitae ipsum. Aliquam non mauris.', 'In hac habitasse platea dictumst. Etiam faucibus cursus urna. Ut tellus.

Nulla ut erat id mauris vulputate elementum. Nullam varius. Nulla facilisi.

Cras non velit nec nisi vulputate nonummy. Maecenas tincidunt lacus at velit. Vivamus vel nulla eget eros elementum pellentesque.',
        '2023.02.16 00:00:00', '2023.02.16 00:00:00', 'vagent1a', 'ajirick1a'),
       (48, 48, 'Mauris sit amet eros. Suspendisse accumsan tortor quis turpis.', 'In hac habitasse platea dictumst. Morbi vestibulum, velit id pretium iaculis, diam erat fermentum justo, nec condimentum neque sapien placerat ante. Nulla justo.

Aliquam quis turpis eget elit sodales scelerisque. Mauris sit amet eros. Suspendisse accumsan tortor quis turpis.',
        '2023.02.17 00:00:00', '2023.02.17 00:00:00', 'lroser1b', 'hbeckingham1b'),
       (49, 49, 'Pellentesque eget nunc. Donec quis orci eget orci vehicula condimentum.', 'In quis justo. Maecenas rhoncus aliquam lacus. Morbi quis tortor id nulla ultrices aliquet.

Maecenas leo odio, condimentum id, luctus nec, molestie sed, justo. Pellentesque viverra pede ac diam. Cras pellentesque volutpat dui.

Maecenas tristique, est et tempus semper, est quam pharetra magna, ac consequat metus sapien ut nunc. Vestibulum ante ipsum primis in faucibus orci luctus et ultrices posuere cubilia Curae; Mauris viverra diam vitae quam. Suspendisse potenti.',
        '2023.02.18 00:00:00', '2023.02.18 00:00:00', 'celders1c', 'etrahearn1c'),
       (50, 50, 'Suspendisse accumsan tortor quis turpis. Sed ante.', 'Quisque id justo sit amet sapien dignissim vestibulum. Vestibulum ante ipsum primis in faucibus orci luctus et ultrices posuere cubilia Curae; Nulla dapibus dolor vel est. Donec odio justo, sollicitudin ut, suscipit a, feugiat et, eros.

Vestibulum ac est lacinia nisi venenatis tristique. Fusce congue, diam id ornare imperdiet, sapien urna pretium nisl, ut volutpat sapien arcu sed augue. Aliquam erat volutpat.',
        '2023.02.19 00:00:00', '2023.02.19 00:00:00', 'pbissett1d', 'ksineath1d');

-- 3. Comments
INSERT INTO comments (comment_id, post_id, user_id, content, created_date, last_modified_date, created_by,
                      last_modified_by)
VALUES (1, 1, 1,
        "Aenean eget metus. In nec orci. Donec nibh. Quisque nonummy ipsum non arcu. Vivamus sit amet risus. Donec egestas. Aliquam nec enim. Nunc ut erat. Sed nunc est, mollis non,",
        "2024.04.10 08:30:34", "2022.10.13 05:44:38", "Rogan Wolf", "Delilah Nichols"),
       (2, 2, 2,
        "pede nec ante blandit viverra. Donec tempus, lorem fringilla ornare placerat, orci lacus vestibulum lorem, sit amet ultricies sem magna nec quam. Curabitur vel lectus. Cum sociis natoque penatibus et",
        "2024.07.14 22:43:02", "2023.08.03 23:02:56", "Zephr Aguilar", "Nelle Valentine"),
       (3, 3, 3,
        "Sed nulla ante, iaculis nec, eleifend non, dapibus rutrum, justo. Praesent luctus. Curabitur egestas nunc sed libero. Proin sed turpis nec mauris blandit mattis. Cras eget nisi dictum",
        "2022.09.15 01:26:54", "2024.06.08 01:36:18", "Clinton Holmes", "Pandora White"),
       (4, 4, 4,
        "et ipsum cursus vestibulum. Mauris magna. Duis dignissim tempor arcu. Vestibulum ut eros non enim commodo hendrerit. Donec porttitor tellus non magna. Nam ligula elit,",
        "2023.04.14 19:00:16", "2022.10.12 21:16:21", "Honorato Hudson", "Davis Bird"),
       (5, 5, 5,
        "suscipit, est ac facilisis facilisis, magna tellus faucibus leo, in lobortis tellus justo sit amet nulla. Donec non justo. Proin non massa non ante bibendum ullamcorper. Duis cursus, diam",
        "2024.03.22 11:45:00", "2023.08.01 06:43:49", "Kibo Morrison", "Abdul Bright"),
       (6, 6, 6,
        "lorem, luctus ut, pellentesque eget, dictum placerat, augue. Sed molestie. Sed id risus quis diam luctus lobortis. Class aptent taciti",
        "2023.03.11 21:12:45", "2023.07.23 22:54:57", "Nomlanga Hurley", "Eleanor Johns"),
       (7, 7, 7,
        "nisl. Quisque fringilla euismod enim. Etiam gravida molestie arcu. Sed eu nibh vulputate mauris sagittis placerat. Cras dictum ultricies ligula. Nullam enim.",
        "2024.01.05 09:03:51", "2024.06.22 02:31:55", "Lesley Barnes", "Dawn Chambers"),
       (8, 8, 8,
        "Cras eget nisi dictum augue malesuada malesuada. Integer id magna et ipsum cursus vestibulum. Mauris magna. Duis dignissim tempor arcu. Vestibulum ut eros non enim commodo hendrerit. Donec porttitor tellus",
        "2024.05.21 04:00:02", "2022.12.24 07:27:26", "Drake Johnston", "Fleur Stephenson"),
       (9, 9, 9,
        "Mauris magna. Duis dignissim tempor arcu. Vestibulum ut eros non enim commodo hendrerit. Donec porttitor tellus non magna. Nam ligula elit, pretium et,",
        "2023.11.25 15:52:17", "2024.07.18 01:14:34", "Eagan Collins", "Logan Mckinney"),
       (10, 10, 10,
        "aliquet odio. Etiam ligula tortor, dictum eu, placerat eget, venenatis a, magna. Lorem ipsum dolor sit amet, consectetuer adipiscing elit. Etiam laoreet, libero et tristique pellentesque, tellus sem mollis",
        "2023.10.18 12:25:18", "2024.07.30 03:19:32", "Brianna Burch", "Sopoline Wilkins"),
       (11, 11, 11,
        "sagittis semper. Nam tempor diam dictum sapien. Aenean massa. Integer vitae nibh. Donec est mauris, rhoncus id, mollis nec, cursus a, enim. Suspendisse aliquet, sem ut cursus luctus,",
        "2024.06.13 11:45:19", "2023.02.17 09:34:05", "Jared Willis", "Simone Duran"),
       (12, 12, 12,
        "Nunc ullamcorper, velit in aliquet lobortis, nisi nibh lacinia orci, consectetuer euismod est arcu ac orci. Ut semper pretium neque. Morbi quis urna. Nunc",
        "2023.03.01 09:19:12", "2023.11.12 09:39:06", "Veda Mullins", "Lamar Lane"),
       (13, 13, 13,
        "blandit enim consequat purus. Maecenas libero est, congue a, aliquet vel, vulputate eu, odio. Phasellus at augue id ante dictum cursus. Nunc",
        "2024.01.21 01:44:29", "2023.07.21 02:11:33", "Nerea Puckett", "Brenna Hall"),
       (14, 14, 14,
        "sit amet, consectetuer adipiscing elit. Etiam laoreet, libero et tristique pellentesque, tellus sem mollis dui, in sodales elit erat vitae risus. Duis",
        "2023.08.28 00:57:20", "2024.02.19 00:09:48", "Mohammad Byers", "Colt Olson"),
       (15, 15, 15,
        "elit sed consequat auctor, nunc nulla vulputate dui, nec tempus mauris erat eget ipsum. Suspendisse sagittis. Nullam vitae diam. Proin dolor. Nulla semper tellus",
        "2024.01.11 06:30:33", "2023.03.28 12:20:19", "Audrey Tillman", "Lionel Barnes"),
       (16, 16, 16,
        "arcu ac orci. Ut semper pretium neque. Morbi quis urna. Nunc quis arcu vel quam dignissim pharetra. Nam ac nulla. In tincidunt congue turpis. In condimentum. Donec at arcu.",
        "2022.11.24 15:10:02", "2023.06.17 04:26:02", "Portia Lambert", "Cameran Parrish"),
       (17, 17, 17,
        "sit amet, dapibus id, blandit at, nisi. Cum sociis natoque penatibus et magnis dis parturient montes, nascetur ridiculus mus. Proin vel nisl. Quisque fringilla euismod",
        "2024.05.19 02:47:01", "2022.09.14 03:28:20", "Rowan Joyner", "Carla Prince"),
       (18, 18, 18,
        "et netus et malesuada fames ac turpis egestas. Aliquam fringilla cursus purus. Nullam scelerisque neque sed sem egestas blandit. Nam nulla magna,",
        "2022.10.04 09:16:45", "2022.12.29 05:49:21", "Amal Ford", "Bruce Meadows"),
       (19, 19, 19,
        "turpis non enim. Mauris quis turpis vitae purus gravida sagittis. Duis gravida. Praesent eu nulla at sem molestie sodales. Mauris blandit",
        "2022.09.29 04:07:03", "2023.01.03 08:18:35", "Herrod Randolph", "Jordan Buck"),
       (20, 20, 20,
        "nisi nibh lacinia orci, consectetuer euismod est arcu ac orci. Ut semper pretium neque. Morbi quis urna. Nunc quis arcu vel",
        "2024.04.28 05:44:06", "2023.08.25 09:00:45", "Reece Mckee", "Samuel Ruiz"),
       (21, 21, 21,
        "dolor, tempus non, lacinia at, iaculis quis, pede. Praesent eu dui. Cum sociis natoque penatibus et magnis dis parturient montes, nascetur ridiculus mus. Aenean eget magna. Suspendisse tristique",
        "2024.02.10 09:32:44", "2023.04.18 09:13:29", "Lunea Welch", "Donovan Bates"),
       (22, 22, 22,
        "lorem fringilla ornare placerat, orci lacus vestibulum lorem, sit amet ultricies sem magna nec quam. Curabitur vel lectus. Cum sociis natoque penatibus et magnis dis parturient montes, nascetur ridiculus",
        "2023.08.22 00:14:24", "2023.06.05 10:54:28", "Lila Watkins", "Meredith Spears"),
       (23, 23, 23,
        "erat volutpat. Nulla dignissim. Maecenas ornare egestas ligula. Nullam feugiat placerat velit. Quisque varius. Nam porttitor scelerisque neque. Nullam nisl. Maecenas malesuada fringilla est. Mauris eu turpis. Nulla",
        "2022.12.07 17:00:39", "2024.03.20 17:52:18", "Zephania Buckley", "Ima Woods"),
       (24, 24, 24,
        "diam dictum sapien. Aenean massa. Integer vitae nibh. Donec est mauris, rhoncus id, mollis nec, cursus a, enim. Suspendisse aliquet, sem ut cursus luctus, ipsum leo",
        "2024.07.24 17:21:46", "2024.05.11 09:00:01", "Kevin Solis", "Rhiannon Logan"),
       (25, 25, 25,
        "Nunc lectus pede, ultrices a, auctor non, feugiat nec, diam. Duis mi enim, condimentum eget, volutpat ornare, facilisis eget, ipsum. Donec sollicitudin adipiscing ligula.",
        "2023.03.10 09:34:11", "2024.05.17 11:49:11", "Walker Mcfadden", "Nolan Gardner"),
       (26, 26, 26,
        "ante, iaculis nec, eleifend non, dapibus rutrum, justo. Praesent luctus. Curabitur egestas nunc sed libero. Proin sed turpis nec mauris blandit mattis. Cras",
        "2024.03.20 10:05:19", "2022.11.23 22:11:15", "Ifeoma Hopkins", "Ingrid Lara"),
       (27, 27, 27,
        "placerat, augue. Sed molestie. Sed id risus quis diam luctus lobortis. Class aptent taciti sociosqu ad litora torquent per conubia nostra, per inceptos hymenaeos. Mauris ut quam",
        "2022.10.08 02:05:42", "2023.11.14 21:05:37", "Neville Velazquez", "Gareth Santana"),
       (28, 28, 28,
        "ligula. Nullam feugiat placerat velit. Quisque varius. Nam porttitor scelerisque neque. Nullam nisl. Maecenas malesuada fringilla est. Mauris eu turpis. Nulla aliquet. Proin velit. Sed malesuada augue ut",
        "2024.06.09 03:49:05", "2023.09.15 07:23:46", "Harper Hudson", "Harlan Hopper"),
       (29, 29, 29,
        "Nam tempor diam dictum sapien. Aenean massa. Integer vitae nibh. Donec est mauris, rhoncus id, mollis nec, cursus a, enim. Suspendisse",
        "2023.03.21 02:12:31", "2024.06.14 10:45:43", "Ian Stevens", "Winifred Wilder"),
       (30, 30, 30,
        "Cras interdum. Nunc sollicitudin commodo ipsum. Suspendisse non leo. Vivamus nibh dolor, nonummy ac, feugiat non, lobortis quis, pede. Suspendisse dui. Fusce diam nunc, ullamcorper",
        "2024.06.25 12:20:08", "2023.10.27 01:47:27", "Xenos Dillon", "Jaden Landry"),
       (31, 31, 31,
        "fermentum vel, mauris. Integer sem elit, pharetra ut, pharetra sed, hendrerit a, arcu. Sed et libero. Proin mi. Aliquam gravida mauris ut mi. Duis risus",
        "2024.02.16 04:57:08", "2023.08.05 11:54:11", "Lee Blanchard", "Madeson Robbins"),
       (32, 32, 32,
        "dolor vitae dolor. Donec fringilla. Donec feugiat metus sit amet ante. Vivamus non lorem vitae odio sagittis semper. Nam tempor diam",
        "2024.02.01 02:07:24", "2024.09.11 17:45:16", "Beck Johns", "Brooke Sweeney"),
       (33, 33, 33,
        "sociis natoque penatibus et magnis dis parturient montes, nascetur ridiculus mus. Donec dignissim magna a tortor. Nunc commodo auctor velit. Aliquam",
        "2024.05.11 22:33:16", "2024.03.04 03:28:28", "Ryder Vargas", "Blythe Cline"),
       (34, 34, 34,
        "nec enim. Nunc ut erat. Sed nunc est, mollis non, cursus non, egestas a, dui. Cras pellentesque. Sed dictum. Proin eget odio. Aliquam vulputate ullamcorper magna. Sed eu eros. Nam",
        "2024.04.14 09:29:21", "2024.09.01 16:31:26", "Rinah Sharp", "Reese Mcbride"),
       (35, 35, 35,
        "eu dui. Cum sociis natoque penatibus et magnis dis parturient montes, nascetur ridiculus mus. Aenean eget magna. Suspendisse tristique neque venenatis lacus. Etiam bibendum fermentum metus.",
        "2023.06.12 04:41:42", "2024.03.17 11:12:26", "Kathleen James", "Virginia Lowe"),
       (36, 36, 36,
        "blandit viverra. Donec tempus, lorem fringilla ornare placerat, orci lacus vestibulum lorem, sit amet ultricies sem magna nec quam. Curabitur vel",
        "2024.08.12 07:19:28", "2023.02.11 20:26:13", "Chantale Massey", "Julian Valentine"),
       (37, 37, 37,
        "a mi fringilla mi lacinia mattis. Integer eu lacus. Quisque imperdiet, erat nonummy ultricies ornare, elit elit fermentum risus, at fringilla purus mauris a",
        "2024.02.18 20:26:55", "2024.06.26 12:18:49", "Vance Wolf", "Carson Faulkner"),
       (38, 38, 38,
        "bibendum sed, est. Nunc laoreet lectus quis massa. Mauris vestibulum, neque sed dictum eleifend, nunc risus varius orci, in consequat enim diam vel arcu. Curabitur ut odio vel est",
        "2022.12.05 16:48:37", "2024.03.05 22:35:43", "Elmo Barrett", "Yoshi Clarke"),
       (39, 39, 39,
        "iaculis enim, sit amet ornare lectus justo eu arcu. Morbi sit amet massa. Quisque porttitor eros nec tellus. Nunc lectus pede, ultrices a, auctor non, feugiat nec, diam.",
        "2024.06.22 23:19:22", "2024.04.29 19:27:18", "Azalia Wilkinson", "Nerea Melton"),
       (40, 40, 40,
        "augue eu tellus. Phasellus elit pede, malesuada vel, venenatis vel, faucibus id, libero. Donec consectetuer mauris id sapien. Cras dolor dolor,",
        "2023.09.13 20:34:49", "2024.01.04 02:15:50", "Kamal Briggs", "Paul James"),
       (41, 41, 41,
        "ligula. Nullam enim. Sed nulla ante, iaculis nec, eleifend non, dapibus rutrum, justo. Praesent luctus. Curabitur egestas nunc sed libero. Proin sed turpis nec mauris blandit mattis. Cras",
        "2024.05.12 03:38:57", "2023.01.10 16:31:35", "Jonah Conley", "Lunea Moses"),
       (42, 42, 42,
        "Phasellus libero mauris, aliquam eu, accumsan sed, facilisis vitae, orci. Phasellus dapibus quam quis diam. Pellentesque habitant morbi tristique senectus et netus et malesuada fames",
        "2023.07.19 10:29:23", "2022.11.11 14:03:11", "Jane Whitney", "Ariana Walters"),
       (43, 43, 43,
        "diam at pretium aliquet, metus urna convallis erat, eget tincidunt dui augue eu tellus. Phasellus elit pede, malesuada vel, venenatis vel, faucibus",
        "2023.11.16 22:18:26", "2023.07.04 15:33:20", "Harrison Ramos", "Chaney Kirby"),
       (44, 44, 44,
        "tincidunt, nunc ac mattis ornare, lectus ante dictum mi, ac mattis velit justo nec ante. Maecenas mi felis, adipiscing fringilla, porttitor",
        "2024.04.14 17:54:15", "2024.01.15 23:03:27", "Kamal Horne", "Jael Baldwin"),
       (45, 45, 45,
        "quam, elementum at, egestas a, scelerisque sed, sapien. Nunc pulvinar arcu et pede. Nunc sed orci lobortis augue scelerisque mollis. Phasellus libero mauris, aliquam eu, accumsan sed, facilisis vitae,",
        "2022.09.14 14:40:23", "2023.05.19 01:39:46", "Marsden Cooley", "Kirby Macdonald"),
       (46, 46, 46,
        "ante. Nunc mauris sapien, cursus in, hendrerit consectetuer, cursus et, magna. Praesent interdum ligula eu enim. Etiam imperdiet dictum magna. Ut",
        "2023.07.06 21:12:56", "2024.02.26 18:47:31", "Beck Baxter", "Jessamine Hogan"),
       (47, 47, 47,
        "felis purus ac tellus. Suspendisse sed dolor. Fusce mi lorem, vehicula et, rutrum eu, ultrices sit amet, risus. Donec nibh enim, gravida sit",
        "2023.04.21 17:36:45", "2024.03.23 17:16:33", "Stephen Stevens", "Micah Roberson"),
       (48, 48, 48,
        "lacus vestibulum lorem, sit amet ultricies sem magna nec quam. Curabitur vel lectus. Cum sociis natoque penatibus et magnis dis parturient montes, nascetur ridiculus",
        "2023.01.15 05:54:42", "2023.03.25 09:11:34", "Shannon Rivers", "Nita Adkins"),
       (49, 49, 49,
        "molestie sodales. Mauris blandit enim consequat purus. Maecenas libero est, congue a, aliquet vel, vulputate eu, odio. Phasellus at augue id",
        "2023.08.05 10:47:40", "2024.01.01 16:45:58", "Gregory Hines", "Azalia Maldonado"),
       (50, 50, 50,
        "Donec feugiat metus sit amet ante. Vivamus non lorem vitae odio sagittis semper. Nam tempor diam dictum sapien. Aenean massa. Integer vitae nibh. Donec est mauris, rhoncus id,",
        "2022.12.22 09:47:43", "2023.07.15 06:32:02", "Demetria Horne", "Amena Vincent");

-- 4. PostLikes
INSERT INTO post_likes (post_like_id, post_id, user_id)
VALUES (1, 1, 1),
       (2, 2, 2),
       (3, 3, 3),
       (4, 4, 4),
       (5, 5, 5),
       (6, 6, 6),
       (7, 7, 7),
       (8, 8, 8),
       (9, 9, 9),
       (10, 10, 10),
       (11, 11, 11),
       (12, 12, 12),
       (13, 13, 13),
       (14, 14, 14),
       (15, 15, 15),
       (16, 16, 16),
       (17, 17, 17),
       (18, 18, 18),
       (19, 19, 19),
       (20, 20, 20),
       (21, 21, 21),
       (22, 22, 22),
       (23, 23, 23),
       (24, 24, 24),
       (25, 25, 25),
       (26, 26, 26),
       (27, 27, 27),
       (28, 28, 28),
       (29, 29, 29),
       (30, 30, 30),
       (31, 31, 31),
       (32, 32, 32),
       (33, 33, 33),
       (34, 34, 34),
       (35, 35, 35),
       (36, 36, 36),
       (37, 37, 37),
       (38, 38, 38),
       (39, 39, 39),
       (40, 40, 40),
       (41, 41, 41),
       (42, 42, 42),
       (43, 43, 43),
       (44, 44, 44),
       (45, 45, 45),
       (46, 46, 46),
       (47, 47, 47),
       (48, 48, 48),
       (49, 49, 49),
       (50, 50, 50);
